sequence,class,is_outlier
AAARIRHEGVFLLIGNSCFSLPRNGPQLLLLAW,1,0
AAPEPVARR,1,0
AASAAIANR,1,0
AGYLLGKINLKALAALAKKIL,1,0
ALADLPVTV,1,0
AMASTEGNV,1,0
AMEDLVRAY,1,0
AMLGHAGDM,1,0
ANNTRLWVY,1,0
ANTMAMMAR,1,0
APKGVQGPNG,1,0
ATCDLLSGTGINHSACAAHCLLRGNRGGYCNGKAVCVCRN,1,1
ATLHLVLRLRGG,1,0
ATYYGNGLYCNKQKHYTWVDWNKASREIGKITVNGWVQH,1,1
AVAGEKLWLLPHLLKMLLTPTP,1,0
AVALGLASPADAAAGTMYGD,1,0
AYQGVQQKW,1,0
CLLKKLLKK,1,0
CLLKKLLKKC,1,0
CNGKRVCVCR,1,0
DAACAAHCLFR,1,0
DEPDAERFEAAVEADHI,1,0
DTHFPICIFCCGCCHRSKCGMCCKT,1,0
ECYRKSDIVTCEPWQKFCYREVTFFPNHPVYLSGCASECTETNSKWCCTTDKCNRARGG,1,1
EFAGAGFVRAGAL,1,0
ELAAIRHR,1,0
ELNNALQNL,1,0
ELNNALQNLART,1,0
ESTYQGHHTPPVQKGLRYGIILFITSEVFFFAGFF,1,0
EVEPSDTIENVKAKIQ,1,0
FFIYVWRRR,1,0
FFLLSLIPSAISAIKKI,1,0
FIKWKFRWWKWRK,1,0
FIYAGSLSA,1,0
FKCKKWQWKMKKLG,1,0
FKCRRWQWRMKKLG,1,0
FLTSELPQW,1,0
FRCRRWQWRMRRLG,1,0
FVYGNGVTSILVQAQFLVNGQRRFFYTPDK,1,0
FWGALAKGALKLIGPGSLFSSFSKKD,1,0
FWGALAKGALKLIGSLFSSFSKKD,1,0
FWGALAKGALKLIPSLFSSFSKKD,1,0
FWGFLGKLAMKAVPSLIGGNKK,1,0
FWGFLGKLAMKAVPSLIGGNKSSSK,1,0
FWGLKGLKGPGKFSKKL,1,0
FWGLKGLKKFSKKL,1,0
GFGCPFNARRCHRHCRSIRRRAGYCAGRLRLTCTCVR,1,1
GFGCPLNQGACHRHCRSIRRRGGYCSGIIKQTCY,1,0
GIGAVLKVLTTGLPALISWIKRKRQQ,1,0
GIGKFLHSAKKFGKAFVGEIMNS,1,0
GIGKFLKSKGKFGKA,1,0
GKKKKSVQWCA,1,0
GLLKFIKKLL,1,0
GLLKRIKTLL,1,0
GLLRKGGEKIGEKLKKIGQKIKNFFQKLVPQPEQ,1,0
GNNKPVYIPRPRPPHPRLV,1,0
GNNRPVYIPQPRPPHPRI,1,0
GNNRPVYIPRPRPPHPRL,1,0
GRRRRSVQWCA,1,0
GVENVSW,1,0
GWGSFFKKAAHVGKHVGKAALTHYL,1,0
GWLKKIGKKIERVGQHTRDATIQGLGIAQQAANVAATARG,1,1
GYPWWDYRDLFGGHTFI,1,0
GYPWWDYRDLFGGHTFISP,1,0
HAMSSTHEA,1,0
HQFRFRFRVRRK,1,0
IFSAIAGLLSNLL,1,0
ILLKKLLKKI,1,0
ILPWKWRWWKWRR,1,0
ILRWKWRWWRWRR,1,0
ILSLRWRWKWWKK,1,0
IMYNYPAML,1,0
INWLKLGKMVIDAL,1,0
IRMRIRVLL,1,0
IVLVRRWPK,1,0
IYAGSLSAL,1,0
KEFKRIVKRIKKFLRKL,1,0
KEFKRIVKRIKKFLRKLV,1,0
KEFKRIVQRIKDFLRNLV,1,0
KFKWWRMLI,1,0
KILRGVCKKIMRTFLRRISKDILTGKK,1,0
KIWWWWRKR,1,0
KKALAHALKKWLPALKKLAHALAKK,1,0
KKLALALAKKWLALAKKLALALAKK,1,0
KKLALALAKKWLPLAKKLALALAKK,1,0
KKLALHALKKWLHALKKLAHLALKK,1,0
KKLALLALKKWLLALKKLALLALKK,1,0
KKLALLALKKWLPALKKLALLALKK,1,0
KKLLFKLKFK,1,0
KKVVFKFKFK,1,0
KKVVFKVKFK,1,0
KKVVPKVKFK,1,0
KKVVVKVKFK,1,0
KLLKFIKKLL,1,0
KLVANNTRL,1,0
KMHATNH,1,0
KMHATNHGGGS,1,0
KPKGMTSSQWFKIQHMQPSPQASNSAMKNINKHTKRSKDLNTFLH,1,1
KRKKRFKWW,1,0
KRLFKKLLFSLRKY,1,0
KRRWRIWLV,1,0
KRWWKWIRW,1,0
KRWWKWWRR,1,0
KRWWRKWWR,1,0
KRWWWWRFR,1,0
KTCENLADTY,1,0
KTLTGKTITLE,1,0
KTYYGTNGVHCTKNSLWGKVRLKNMKYDQNTTYMGRLQDILLGWATGAFGKTH,1,1
KWKLFKKIGAVLKVL,1,0
KWKLFKKIGIGAVLKVLTTGLPALIS,1,0
KWKSFIKKLTSAAKKVVTTAKPLISS,1,0
KWKSFLKTFKSAKKTVLHTALKAISS,1,0
KWKSFLKTFKSAKKTVLHTLLKAISS,1,0
KWKSFLKTFKSLKKTKLHTLLKLISS,1,0
KWKSFLKTFKSLKKTVLHTLLKAISS,1,0
KWKSFLKTFKSLKKTVLHTLLKLISS,1,0
KWKWWWRKI,1,0
KYIAADRKI,1,0
KYIFPGGLL,1,0
LKRRWKWWI,1,0
LLDEGKQSL,1,0
LLGDFFRKSKEKIGKEFKRIVQRIKDFLRN,1,0
LLGDFFRKSKEKIGKEFKRIVQRIKDFLRNLVPRTES,1,1
LLIILRRRIRKQAHAHSK,1,0
LLKKLLKK,1,0
LLKKLLKKC,1,0
LLKKLLKKM,1,0
LPFFLLSLIPSAISAIKKI,1,0
LPQWLSANR,1,0
LRFILWWKR,1,0
LRRWIRIRW,1,0
LVRAYHAMS,1,0
LVYGDVIMR,1,0
MLGHAGDMA,1,0
MLLKKLLKK,1,0
MLLKKLLKKM,1,0
NDAACAAHCLFRGRSGG,1,0
NEDTVTQAASRVCDKMKILRGVCKKIMRTFLRRISKD,1,1
NGKRVCVCR,1,0
NVTSIHSLL,1,0
NWRKLYRRK,1,0
PLLKKLLKKP,1,0
PRVIETKVHGREVTGLARNVSEENVDRLAKRWIK,1,0
PYNLRYRVL,1,0
QIMYNYPAM,1,0
QRSVSNAATRVCRTGRSRW,1,0
QTYKWETFL,1,0
RAGLQFPVGRVHRLLRK,1,0
RFGEPGGRE,1,0
RIKRWWWWR,1,0
RIRRWKFRW,1,0
RIWVIWRR,1,0
RKDVY,1,0
RKDVYRRRRRR,1,0
RKFRWWVIR,1,0
RKSAKKIGKRAKR,1,0
RKSKEKIGKEFKRIVQRIKDFLRNLVPRTES,1,0
RKWKIKWYW,1,0
RLGRLVSLHTLG,1,0
RLKRWWKFL,1,0
RLLKFIKKLL,1,0
RLRRIVVIRVFR,1,0
RLWRIVVIRVKR,1,0
RLWWKIWLK,1,0
RLWWWWRRK,1,0
RMWELYLAY,1,0
RPPQFTRAQWFAIQHISLMPPRCTIAMRAINNYRWRCKNQNTFLR,1,1
RPPQFTRAQWFAIQHISLNPPRSTIAMRAINNYRWRSKNQNTFLR,1,1
RQIKIWFQNRRMKWKK,1,0
RQRRVVIWW,1,0
RRRIKIRWY,1,0
RRRPRPPYLPRPRPPPFFPPRLPPRIPPGFPPRFPPRFP,1,1
RRRRRR,1,0
RRRRRRRKDVY,1,0
RRRWWKLMM,1,0
RRWKIVVIRWRR,1,0
RRWRIVVIRVRR,1,0
RRWRVIVKW,1,0
RRWWKWWWR,1,0
RRWWRWVVW,1,0
RRYHWRIYI,1,0
RSGGYCNGKRVCVCR,1,0
RTISEAGQAM,1,0
RTKKWIVWI,1,0
RWRRKWWWW,1,0
RWRWWWRVY,1,0
RWWIRIRWH,1,0
RWWRKIWKW,1,0
RWWRWRKWW,1,0
RWYYGNGVGGVGGAAVCGLAGYVGEAKENIAGEVRKGWGMAGGFTHNKACKSFPGSGWASG,1,1
SALHLVLRLRGG,1,0
SARLAGIPY,1,0
SEAYQGVQQ,1,0
SEAYQGVQQK,1,0
SEFAYGSFVRTVSLPV,1,0
SEFAYGSFVRTVSLPVGADE,1,0
SGSEAYQGVQQKWDA,1,0
SIIIPTLNV,1,0
STAHLVLRLRGG,1,0
STLALVLRLRGG,1,0
STLHAVLRLRGG,1,0
STLHLALRLRGG,1,0
STLHLVARLRGG,1,0
STLHLVLALRGG,1,0
STLHLVLRARGG,1,0
STLHLVLRLAGG,1,0
STLHLVLRLRAG,1,0
STLHLVLRLRGA,1,0
STLHLVLRLRGG,1,0
SVFPQQTTGQLAELQPQDRAGARASWMPMFQRRRRR,1,0
TATELNNAL,1,0
TGMAALEQYLGSGHAVIVSI,1,0
TKPKGTKPKGTKPKGTKPKG,1,0
TQRSVSNAATRVCRTGRSRWRDVCRNFMRRYQSRVTQG,1,1
TTKNYGNGVCNSVNWCQCGNVWASCNLATGCAAWLCKLA,1,1
VCDKMKILRGVCKKIMRSFLRR,1,0
VCDKMKILRGVCKKIMRTFLRR,1,0
VCEHIHLIRGLCHHLMHSYIKR,1,0
VCRTGRSRWRDVCRNFMRRYQSR,1,0
VCRTGRSRWRDVNRNFMRRYQSR,1,0
VEPIPY,1,0
VLAGSVDEL,1,0
VPAESEAAHLRVRRGFGCPLNQGACHNHCRSIRRRGGYCSGIIKQTCTCYRN,1,1
VQLRIRVAVIRA,1,0
VQRWLIVWRIRK,1,0
VRLIVAVRIWRR,1,0
VRLRIRVRVIRK,1,0
VSNAATRVCRTGRSRWRDVCRNFMRRYQSR,1,0
VTCDILSVEAKGVKL,1,0
WFKMRWWGR,1,0
WGAQLNAMK,1,0
WKIVFWWRR,1,0
WKWLKKWIK,1,0
WKWRVRVTI,1,0
WLLKKLLKKW,1,0
WRKFWKYLK,1,0
WRSLGRTLLRLSHALKPLARRSGW,1,0
WYYQSGLSI,1,0
YCNGKRVCVCR,1,0
YGRKKRRQRRR,1,0
YKFRWRIYI,1,0
YKQCHKKGGKKGSG,1,0
YLLDGLRAQ,1,0
YPHHFKHRHIPI,1,0
YPHHFKHRHIPIGGGS,1,0
YRLRVKWKW,1,0
ARLEAQMNRISYGEAITV,0,0
TIVVKVERRFTHPVMKK,0,0
AGHIRPDRFIVILNDNEMSISPN,0,0
QLNYAQQLKERLEAFTQDFIP,0,0
FSLHNGFGGNLYATEEKRMF,0,0
LIKICGLTDEDGVDAAVEAG,0,0
FQLVDWCDTLHFRRRDDGV,0,0
SEACESLQDYCTKTSDPFIPGWSG,0,0
GLEFNISENTDSFYS,0,0
ARRGIAVAGAHGKTTTSA,0,0
SDIELVADATADMGPAEMSLLVK,0,0
IVAGVMTLSGLLLGRRVS,0,0
NNIDDLAGALSKLSDLH,0,0
LNKADLIDEQNAPALNA,0,0
GHTGPVFTVSFSKGGELFASGGA,0,0
LEIKHSIITEAVVCDES,0,0
YDVNTGQLVESIIDTFEFPSLITTP,0,0
VYEPTIFENYIHDIFVDGNSIEL,0,0
AVEVAYALPEKQYLQRVTL,0,0
KDIILHLIATYGVAFGTGY,0,0
ARARRMGVATTHEGVIGLMN,0,0
EIQAKGVHLVYLTLHVGLGTFRPVS,0,0
ARDYFTYRDVLGFIYAQAK,0,0
SFLLFGMALLYAESGSLSFV,0,0
LHRCAFLVTACWTLTSLLAMTRT,0,0
SGSSGNFTSGSQIHMSSITNT,0,0
KLEAATGDVVEFDQVLMVSD,0,0
DTRKSLVGSGDRSERIRTYN,0,0
PSDPVVRVPDDTIPADDAFSL,0,0
NFHLPRSTLVMLVAAFVG,0,0
SAGNTGALMGLSRFTLKLLP,0,0
EKRKDATEKAKKSLSINEFLKP,0,0
RACADGDLREERVSLLCSN,0,0
VNDSQPIPWFVRLRIAWEVASALVFLHKSKP,0,0
LMVSHSVEDAARIATRSVVVADGRIAWQGK,0,0
LLQLLECRLDNVVYRMGFGATRAESRQLVSHK,0,0
NPRHSWSLPKALERVQQAESGVVILLHRTE,0,0
MATKADYTLDEESRARIKTRLFTIRQEMASRGLW,0,0
VTVQSLEIVRVDVERKLLLVKGSVPGATN,0,0
VTPERTLFQDFIPKFVSLATSGDDFWACSSED,0,0
GAKYFKLAGESYKNKDMKQAFFYLGLSLHYLGDVN,0,0
RTMTDFHKRIEAADDKLIVLDFYAN,0,0
EAILEVPKEAAKGLVYGIPHFLIGSVVNSFTGV,0,0
ESSDVQIMLSAGNNGIEFELVSDVAKQFGD,0,0
GLDSSQARLTCSLHSDLKDFAGKCSDAAK,0,0
DIDAGNALVDRIKGVVKQTRRPEVM,0,0
SERERKIISKHTKSIINQMLKDPIKQAKELSSD,0,0
FQQEAPERASSVYTRSTGEQEISVGL,0,0
VSIYLVNGIKLQGQIESFDQFVILLKNTVSQMVY,0,0
ADAYRRIRNTARFMLANLNGFDPAKDLL,0,0
GKGISYCAICDAALYKGKTVGVVGGGNSAIQ,0,0
SSTAAGSGLREAANATSAPASTSGQPGASTGSSGT,0,0
EPGEFTRRAFLNDKLDLAQAEAVADLIEA,0,0
GLDIIKFEKEIKNAIEKLHNNDIEV,0,0
PPAQPSFLQRYSAPQPAALTADDLMTFLRAY,0,0
LGVALLNINEDHNFFESAIFGFGAAVGFSLVLILFSA,0,1
KFGVIVLNSPGTIDSDYRGELKIIMINLGQKDFQLTPAM,0,1
IVDGEAWLYDVHIAPYEQSGAYFNHEPTRPRKLLLHRREI,0,1
NLLGSGDRSDRIRTYNFPQGRVTDHRIGLTLYRLDEVIEGKL,0,1
AGEVIACHTVEDWNNKLKAAKESNKLIVIDFTAVWCP,0,1
FGVQRNAVRQTYLKWEQARIPYTISSQYSSYSRSKIAEAIEE,0,1
TESRLAIAMAREGGLGVLHQNMDTDRVVAEVERVKRADE,0,1
TGHRVSQEVIPLLRDETRWQAASLATLAAGHRDAAEKIAE,0,1
IDDLVGGLAALSELHAFKLRVDPANFKILAHNVIVV,0,0
EGEPGFREREQAMIAELCALDGVVLATGGGAVMRDANRAALRAGGRVV,0,1
ANKESLVIGGRLVTQAAASGQIVPVDSEHSAFAQCLRGGGRNEVRRLVLTASGG,0,1
NKDHRFIVNEQLAALNLETQAILMEPFGRNTAPAVALTAMKLVNEG,0,1
GNAVNLTDGLDGLAIVPVMVAALSFALIAYLSGNINFADYLQIHYVSGT,0,1
VIVNQPLV,0,0
YAEIWLDQEKVATTD,0,0
LNTDDP,0,0
ERSYETM,0,0
HGFRTRSETVGG,0,0
IDELFDEIPPA,0,0
QPNSVPQCL,0,0
KGNDLVLGSHM,0,0
NVNPQSTLLL,0,0
PVQEVIAELTNGG,0,0
ESLVNWDPVDNTV,0,0
GSGQV,0,0
IMFGFCYLHHWKC,0,0
QSDITALAGAT,0,0
NSDPDGVDYI,0,0
DEIIFASKADM,0,0
MELEI,0,0
RLLGD,0,0
LKTVEVTVKGPGP,0,0
MSLTKELTTLS,0,0
GNCLLTYREYK,0,0
KTVTAMDVVYAL,0,0
RYSYGSNIALGAAA,0,0
VRIYDGEEKIKF,0,0
VKISLYKEPLMA,0,0
IHAQVP,0,0
ADMKASED,0,0
DNPNPVIYVD,0,0
TVARL,0,0
SDTEREEPT,0,0
KVADNSGAKEIMC,0,0
NAFLHHMVR,0,0
LRWSWEAA,0,0
AMVVAAER,0,0
ATAIAHVCHNFNV,0,0
VTGFD,0,0
IIMDL,0,0
VPADDLTDPAPATTF,0,0
NPSVKPIC,0,0
TPYTFTKDQ,0,0
AIAEDAGAVSVM,0,0
LKSSNRPLDDREK,0,0
NLIQAKMDELT,0,0
EERLSQLV,0,0
QCICSK,0,0
LEKKE,0,0
SSFRISDILEQ,0,0
ILSYNLPLELE,0,0
ATSTSSSFHG,0,0
GAKRYDDKDR,0,0
EGVKDAVC,0,0
TLGLWALRF,0,0
RAKEIIAS,0,0
KVAINEAIELA,0,0
DHEATGIASKIWD,0,0
LSASAHASQTRYALE,0,0
PKYFTAGEVITQALP,0,0
INFALNIQGEVHP,0,0
TLGEVGNSEMR,0,0
WGQLC,0,0
TRPSDRFDV,0,0
GHDLNLDVCSKC,0,0
FYVNQRWL,0,0
YPFGIDPIWNIANN,0,0
QGLLHDRMVE,0,0
NIPIVLCGNK,0,0
TSEAGE,0,0
PAQKFCQKRTTMF,0,0
RLDNIKLICNIKAG,0,0
GSDFFDSLLQKLQ,0,0
DAVEGDKAKEEDSG,0,0
ELIQD,0,0
APVEVAPQYSWA,0,0
MLYYPSVSRCERGLD,0,0
FNALAGWTLIF,0,0
LEARIAALEA,0,0
IVAETVRVLD,0,0
IRGATTHYD,0,0
RTIVCP,0,0
PQGEQSTGKIY,0,0
DITDIKTIL,0,0
LQWHLLDSGA,0,0
SYAGQHIPYIAKAI,0,0
TLAAAAFAATSE,0,0
RFAQLPLAN,0,0
QLRVHVRRHKGVR,0,0
SVIRFSSNAVVLIND,0,0
IEVVLQITV,0,0
DHSLDYHLSQ,0,0
DYDAIPRR,0,0
RCVAYP,0,0
ADKDRNEIKEQL,0,0
HPTNVGRL,0,0
GRVGATAAVYSAAI,0,0
RITFNIR,0,0
AKPVVVHGGGP,0,0
STIRRRRECES,0,0
VKSVNT,0,0
ARQDARTLK,0,0
IPFGAGL,0,0
EAEEVGLKGEKSEM,0,0
KEITVGVAEPVR,0,0
ISVLEDDVLTIK,0,0
DALKPPSMYK,0,0
VEDQTITGPLT,0,0
KLWGLVNNAGIFS,0,0
VALSIRHVGPTAAQ,0,0
ACIDFSNLAYFYDYY,0,0
DGETID,0,0
LTTRIAHFLDRHL,0,0
LSAINP,0,0
SLVQLEQALGVSEKD,0,0
SVQTPSPTPENP,0,0
KKKAI,0,0
ARLLNLSERQV,0,0
VEQPVFA,0,0
TKIRKPTLDK,0,0
VCLRVSTRTPKKP,0,0
SGLQLLSEHLDP,0,0
SRSHGITYS,0,0
GSVIN,0,0
MIRMAWHSAGTYRM,0,0
KVARPPDFTQ,0,0
WEEGMSEEET,0,0
ARRAKGRKRL,0,0
VMMVRKTVRQMAAG,0,0
MYAAIKRYDV,0,0
KPQNPAIDTT,0,0
FNSLVQLEFEQGR,0,0
TQSIYTVDSVEVTPTTTSLNSATASTTVATPTSSVTPPTSSSSQTRSLTISDSQR,0,1
YYFDCFSESAIRNAILGNIVSPRCEYPAGHNKVGSLQYLALAALIKPKKIKPPLPSVTKL,0,1
KYQIKSGAQVVQIFDSWAGQ,0,0
GFVLPCAIDYQTVIACAKRSDR,0,0
ISQYSGKIKHWNRFRDEV,0,0
FGPQAVAADGALDRAWMRDLVFREP,0,0
YQFGSSVKVERVPYVKTFEDVN,0,0
LSPILTRLMNFFVFSRGLTP,0,0
LRLQLLTLAMTSAPTGWG,0,0
EKIFFFKDWFFWWKLPGSPA,0,0
RALEICRRAAEVADHRLNT,0,0
FYDPDISISLGTLAVLCQLN,0,0
ESEGTVGPLLKGQPRALGGTA,0,0
GAYGVLFVHLDGARDEIDRALDYIQRQQVAVEVI,0,0
PYKIPHMGWNELKKEGEIALWNGVEDGSFVYY,0,0
DLYRAKAFRVDPVPSAADTYFCYIAYDIDLFEEGSLAN,0,1
IRNAFMEFMETRNSKSKYVEAFNTVQSNGATSAISTF,0,1
ACEGAILVVD,0,0
IETDFPPVFDRFY,0,0
AKVKELTTDEQRAEV,0,0
ESSQKFFF,0,0
AGSRTFVEE,0,0
KSAISHRGQALKLLLDA,0,0
GGKDSQEFIAI,0,0
FIEERQFEGPLNV,0,0
TRAMGRAIEDG,0,0
VLSQRQRDE,0,0
RQVYMYLENEISLAE,0,0
LLTYEATQDLPLET,0,0
PDSASNPDSDYR,0,0
LEVSQDTVLHTFVVKSE,0,0
AELTIEGMDDKE,0,0
NGFQESPP,0,0
AAALNPRGERYSD,0,0
KVLYSKYAGT,0,0
FGGTGEQLKGV,0,0
IPEAEYDMDDVIARL,0,0
IHDLSQYQ,0,0
LTVYDMCKAIDRTM,0,0
AQNKVRTGT,0,0
VEVLERELAWLKEH,0,0
KDELPKVMAG,0,0
LVVGSTASSYSQRPDDQ,0,0
GYLALLTKGLERLY,0,0
ISNGALPLPAV,0,0
LQTIGERMGK,0,0
QQAFALMYGEIFTIT,0,0
KYVLECKKSDARTIA,0,0
TIADFVADLRAPTPSA,0,0
