sequence,class,is_outlier
AAARIRHEGVFLLIGNSCFSLPRNGPQLLLLAW,1,0
AAPEPVARR,1,0
AASAAIANR,1,0
AGYLLGKINLKALAALAKKIL,1,0
ALADLPVTV,1,0
AMASTEGNV,1,0
AMEDLVRAY,1,0
AMLGHAGDM,1,0
ANNTRLWVY,1,0
ANTMAMMAR,1,0
APKGVQGPNG,1,0
ATCDLLSGTGINHSACAAHCLLRGNRGGYCNGKAVCVCRN,1,1
ATLHLVLRLRGG,1,0
ATYYGNGLYCNKQKHYTWVDWNKASREIGKITVNGWVQH,1,1
AVAGEKLWLLPHLLKMLLTPTP,1,0
AVALGLASPADAAAGTMYGD,1,0
AYQGVQQKW,1,0
CLLKKLLKK,1,0
CLLKKLLKKC,1,0
CNGKRVCVCR,1,0
DAACAAHCLFR,1,0
DEPDAERFEAAVEADHI,1,0
DTHFPICIFCCGCCHRSKCGMCCKT,1,0
ECYRKSDIVTCEPWQKFCYREVTFFPNHPVYLSGCASECTETNSKWCCTTDKCNRARGG,1,1
EFAGAGFVRAGAL,1,0
ELAAIRHR,1,0
ELNNALQNL,1,0
ELNNALQNLART,1,0
ESTYQGHHTPPVQKGLRYGIILFITSEVFFFAGFF,1,0
EVEPSDTIENVKAKIQ,1,0
FFIYVWRRR,1,0
FFLLSLIPSAISAIKKI,1,0
FIKWKFRWWKWRK,1,0
FIYAGSLSA,1,0
FKCKKWQWKMKKLG,1,0
FKCRRWQWRMKKLG,1,0
FLTSELPQW,1,0
FRCRRWQWRMRRLG,1,0
FVYGNGVTSILVQAQFLVNGQRRFFYTPDK,1,0
FWGALAKGALKLIGPGSLFSSFSKKD,1,0
FWGALAKGALKLIGSLFSSFSKKD,1,0
FWGALAKGALKLIPSLFSSFSKKD,1,0
FWGFLGKLAMKAVPSLIGGNKK,1,0
FWGFLGKLAMKAVPSLIGGNKSSSK,1,0
FWGLKGLKGPGKFSKKL,1,0
FWGLKGLKKFSKKL,1,0
GFGCPFNARRCHRHCRSIRRRAGYCAGRLRLTCTCVR,1,1
GFGCPLNQGACHRHCRSIRRRGGYCSGIIKQTCY,1,0
GIGAVLKVLTTGLPALISWIKRKRQQ,1,0
GIGKFLHSAKKFGKAFVGEIMNS,1,0
GIGKFLKSKGKFGKA,1,0
GKKKKSVQWCA,1,0
GLLKFIKKLL,1,0
GLLKRIKTLL,1,0
GLLRKGGEKIGEKLKKIGQKIKNFFQKLVPQPEQ,1,0
GNNKPVYIPRPRPPHPRLV,1,0
GNNRPVYIPQPRPPHPRI,1,0
GNNRPVYIPRPRPPHPRL,1,0
GRRRRSVQWCA,1,0
GVENVSW,1,0
GWGSFFKKAAHVGKHVGKAALTHYL,1,0
GWLKKIGKKIERVGQHTRDATIQGLGIAQQAANVAATARG,1,1
GYPWWDYRDLFGGHTFI,1,0
GYPWWDYRDLFGGHTFISP,1,0
HAMSSTHEA,1,0
HQFRFRFRVRRK,1,0
IFSAIAGLLSNLL,1,0
ILLKKLLKKI,1,0
ILPWKWRWWKWRR,1,0
ILRWKWRWWRWRR,1,0
ILSLRWRWKWWKK,1,0
IMYNYPAML,1,0
INWLKLGKMVIDAL,1,0
IRMRIRVLL,1,0
IVLVRRWPK,1,0
IYAGSLSAL,1,0
KEFKRIVKRIKKFLRKL,1,0
KEFKRIVKRIKKFLRKLV,1,0
KEFKRIVQRIKDFLRNLV,1,0
KFKWWRMLI,1,0
KILRGVCKKIMRTFLRRISKDILTGKK,1,0
KIWWWWRKR,1,0
KKALAHALKKWLPALKKLAHALAKK,1,0
KKLALALAKKWLALAKKLALALAKK,1,0
KKLALALAKKWLPLAKKLALALAKK,1,0
KKLALHALKKWLHALKKLAHLALKK,1,0
KKLALLALKKWLLALKKLALLALKK,1,0
KKLALLALKKWLPALKKLALLALKK,1,0
KKLLFKLKFK,1,0
KKVVFKFKFK,1,0
KKVVFKVKFK,1,0
KKVVPKVKFK,1,0
KKVVVKVKFK,1,0
KLLKFIKKLL,1,0
KLVANNTRL,1,0
KMHATNH,1,0
KMHATNHGGGS,1,0
KPKGMTSSQWFKIQHMQPSPQASNSAMKNINKHTKRSKDLNTFLH,1,1
KRKKRFKWW,1,0
KRLFKKLLFSLRKY,1,0
KRRWRIWLV,1,0
KRWWKWIRW,1,0
KRWWKWWRR,1,0
KRWWRKWWR,1,0
KRWWWWRFR,1,0
KTCENLADTY,1,0
KTLTGKTITLE,1,0
KTYYGTNGVHCTKNSLWGKVRLKNMKYDQNTTYMGRLQDILLGWATGAFGKTH,1,1
KWKLFKKIGAVLKVL,1,0
KWKLFKKIGIGAVLKVLTTGLPALIS,1,0
KWKSFIKKLTSAAKKVVTTAKPLISS,1,0
KWKSFLKTFKSAKKTVLHTALKAISS,1,0
KWKSFLKTFKSAKKTVLHTLLKAISS,1,0
KWKSFLKTFKSLKKTKLHTLLKLISS,1,0
KWKSFLKTFKSLKKTVLHTLLKAISS,1,0
KWKSFLKTFKSLKKTVLHTLLKLISS,1,0
KWKWWWRKI,1,0
KYIAADRKI,1,0
KYIFPGGLL,1,0
LKRRWKWWI,1,0
LLDEGKQSL,1,0
LLGDFFRKSKEKIGKEFKRIVQRIKDFLRN,1,0
LLGDFFRKSKEKIGKEFKRIVQRIKDFLRNLVPRTES,1,1
LLIILRRRIRKQAHAHSK,1,0
LLKKLLKK,1,0
LLKKLLKKC,1,0
LLKKLLKKM,1,0
LPFFLLSLIPSAISAIKKI,1,0
LPQWLSANR,1,0
LRFILWWKR,1,0
LRRWIRIRW,1,0
LVRAYHAMS,1,0
LVYGDVIMR,1,0
MLGHAGDMA,1,0
MLLKKLLKK,1,0
MLLKKLLKKM,1,0
NDAACAAHCLFRGRSGG,1,0
NEDTVTQAASRVCDKMKILRGVCKKIMRTFLRRISKD,1,1
NGKRVCVCR,1,0
NVTSIHSLL,1,0
NWRKLYRRK,1,0
PLLKKLLKKP,1,0
PRVIETKVHGREVTGLARNVSEENVDRLAKRWIK,1,0
PYNLRYRVL,1,0
QIMYNYPAM,1,0
QRSVSNAATRVCRTGRSRW,1,0
QTYKWETFL,1,0
RAGLQFPVGRVHRLLRK,1,0
RFGEPGGRE,1,0
RIKRWWWWR,1,0
RIRRWKFRW,1,0
RIWVIWRR,1,0
RKDVY,1,0
RKDVYRRRRRR,1,0
RKFRWWVIR,1,0
RKSAKKIGKRAKR,1,0
RKSKEKIGKEFKRIVQRIKDFLRNLVPRTES,1,0
RKWKIKWYW,1,0
RLGRLVSLHTLG,1,0
RLKRWWKFL,1,0
RLLKFIKKLL,1,0
RLRRIVVIRVFR,1,0
RLWRIVVIRVKR,1,0
RLWWKIWLK,1,0
RLWWWWRRK,1,0
RMWELYLAY,1,0
RPPQFTRAQWFAIQHISLMPPRCTIAMRAINNYRWRCKNQNTFLR,1,1
RPPQFTRAQWFAIQHISLNPPRSTIAMRAINNYRWRSKNQNTFLR,1,1
RQIKIWFQNRRMKWKK,1,0
RQRRVVIWW,1,0
RRRIKIRWY,1,0
RRRPRPPYLPRPRPPPFFPPRLPPRIPPGFPPRFPPRFP,1,1
RRRRRR,1,0
RRRRRRRKDVY,1,0
RRRWWKLMM,1,0
RRWKIVVIRWRR,1,0
RRWRIVVIRVRR,1,0
RRWRVIVKW,1,0
RRWWKWWWR,1,0
RRWWRWVVW,1,0
RRYHWRIYI,1,0
RSGGYCNGKRVCVCR,1,0
RTISEAGQAM,1,0
RTKKWIVWI,1,0
RWRRKWWWW,1,0
RWRWWWRVY,1,0
RWWIRIRWH,1,0
RWWRKIWKW,1,0
RWWRWRKWW,1,0
RWYYGNGVGGVGGAAVCGLAGYVGEAKENIAGEVRKGWGMAGGFTHNKACKSFPGSGWASG,1,1
SALHLVLRLRGG,1,0
SARLAGIPY,1,0
SEAYQGVQQ,1,0
SEAYQGVQQK,1,0
SEFAYGSFVRTVSLPV,1,0
SEFAYGSFVRTVSLPVGADE,1,0
SGSEAYQGVQQKWDA,1,0
SIIIPTLNV,1,0
STAHLVLRLRGG,1,0
STLALVLRLRGG,1,0
STLHAVLRLRGG,1,0
STLHLALRLRGG,1,0
STLHLVARLRGG,1,0
STLHLVLALRGG,1,0
STLHLVLRARGG,1,0
STLHLVLRLAGG,1,0
STLHLVLRLRAG,1,0
STLHLVLRLRGA,1,0
STLHLVLRLRGG,1,0
SVFPQQTTGQLAELQPQDRAGARASWMPMFQRRRRR,1,0
TATELNNAL,1,0
TGMAALEQYLGSGHAVIVSI,1,0
TKPKGTKPKGTKPKGTKPKG,1,0
TQRSVSNAATRVCRTGRSRWRDVCRNFMRRYQSRVTQG,1,1
TTKNYGNGVCNSVNWCQCGNVWASCNLATGCAAWLCKLA,1,1
VCDKMKILRGVCKKIMRSFLRR,1,0
VCDKMKILRGVCKKIMRTFLRR,1,0
VCEHIHLIRGLCHHLMHSYIKR,1,0
VCRTGRSRWRDVCRNFMRRYQSR,1,0
VCRTGRSRWRDVNRNFMRRYQSR,1,0
VEPIPY,1,0
VLAGSVDEL,1,0
VPAESEAAHLRVRRGFGCPLNQGACHNHCRSIRRRGGYCSGIIKQTCTCYRN,1,1
VQLRIRVAVIRA,1,0
VQRWLIVWRIRK,1,0
VRLIVAVRIWRR,1,0
VRLRIRVRVIRK,1,0
VSNAATRVCRTGRSRWRDVCRNFMRRYQSR,1,0
VTCDILSVEAKGVKL,1,0
WFKMRWWGR,1,0
WGAQLNAMK,1,0
WKIVFWWRR,1,0
WKWLKKWIK,1,0
WKWRVRVTI,1,0
WLLKKLLKKW,1,0
WRKFWKYLK,1,0
WRSLGRTLLRLSHALKPLARRSGW,1,0
WYYQSGLSI,1,0
YCNGKRVCVCR,1,0
YGRKKRRQRRR,1,0
YKFRWRIYI,1,0
YKQCHKKGGKKGSG,1,0
YLLDGLRAQ,1,0
YPHHFKHRHIPI,1,0
YPHHFKHRHIPIGGGS,1,0
YRLRVKWKW,1,0
SGSSGHGRQGTTHGQTGDTT,0,0
GLDDLLEPVLNSADNLVHGL,0,0
EKHCQTSGEKGYCHGTKCK,0,0
AAAGSCVWGAVNYTSDCAAE,0,0
RKLKKSVKKRAKKFFKKPRVI,0,0
TKLNSAACGAHCLALG,0,0
YGRDDRSDVCRQVQHNWLV,0,0
AVKNGLQKLRNQCQANNGQ,0,0
PLNQGACHNHCRSIRRR,0,0
CRWCCNCCKANKGCGFCC,0,0
QWSNFPPKCIRECAMVSS,0,0
GESCAMISFCFTEVIGCSCKNKVC,0,0
FLRTFKSPVRTVFHT,0,0
GRCNASAGPPYCCSSYCFQIA,0,0
LSFEAKGIAVNHSAC,0,0
IKSIASKVANTVQKLKRKAKNAV,0,0
KISGKAIKNLFIKGAKNVGKR,0,0
GCPGNQLKCNNHCKSISCRA,0,0
FKKILKYLAGPAKFLHSAK,0,0
IKEAAKTAGLMAMGFV,0,0
KVPVGAIKKGGKAIKTGLGVVG,0,0
IGAGKSAAQSVLKSLSCKIS,0,0
GSGCIGQTVVGGWLGGAI,0,0
IFTKIQGTYRGKAKC,0,0
KKAAHVAKHVAKAALTH,0,0
ITSCSMQNCGTGSCKKR,0,0
RRWVRRVRRVWRRVVRVVRRWV,0,0
YMCPVVSSFCKQHCARL,0,0
RWCVYSYVRVRGVLVRYRRC,0,0
SSIGSILGKFAKGGAQAFLQPK,0,0
ELEALKGSITNFVQTA,0,0
AKFLGKNLLKQGACYAACKASK,0,0
MTDAGISGAIAGAVAGCA,0,0
LLGDFFRKAKEKIGKEFKRIVQRIKDFLRNLVPR,0,0
GTVKDLLIGAGKSAAQSVLTANSCKL,0,0
NPGEYLAKYCFEPVILCCKPLSPTPTK,0,0
KKSCHTGLKKSAGWVIPIGTLVKNGI,0,0
ISRLAGLLRKGGEKIGEKLKKIGQKIKNFF,0,0
RRGKPSGGSRGSKMGSKDSKGGWRGRPGS,0,0
PRYDIGNVELSTAYRSFANQKAPGRLNQ,0,0
KTYFPHFDLSHGSAQVKGHGAKVAAALTKAVE,0,0
IFSKFAGRGLKNLFMKGAKKIGKEVGMDVLR,0,0
TLASHLPSDFTPAVHASLDKFLANVSTVLTSK,0,0
CVRGRCPSGMCCSQFGYCGKGPKYC,0,0
PKIRYSDVKKLEMKPKYPHCEEKMVI,0,0
VFDIIKGAGKQLIARAMGKIAEKVGLNKD,0,0
EAKGFAANHSLCAAHCLAIGRKGGACQNGVCVCR,0,0
SCSGTISPYGLRTCRATKTKPSHPTTKETHPQTLP,0,0
VLNKSEYMCPVVSSFCKQHCARLGKS,0,0
VIPCGESCVFIPCISTLLGCSCKNKVCYR,0,0
GEENVSYKPFVVSWKYGVAGCFYTHC,0,0
CSQQCKDREHFAYGGACHYQFPSVKCF,0,0
VKGLFHAGRMIHGLVNRRRHRHGMEELDLD,0,0
MDTAKNVAKNEAGNLLDNLKCKITKAC,0,0
IKVNGKPCKGSGEKKCSGGWSCKFNVCV,0,0
LIGSCVWGAVNYTSDCNGECKRRGYKGGHCGSFANVNC,0,1
ATKPTPSKPGYCRVMDELILCPDPPLSKDLCKNDSDCP,0,1
AGSCVWGAVNYTSDCNGECKRRGYKGGHCGSFANVNCWCRT,0,1
LKSLERRRLMITISTMLQFGLFLIALIGLVIKLIELSNKK,0,1
CENRCKCKVQLMGNCIKVPFKCFLWKQKRFMCECYGPIS,0,1
LKSLERRRLMITISTMLQFGLFLIALIGLVIKLIELSN,0,1
WFKGAKKGFQDYRYQKDMAKMNKRYGPNWQQRGGQEPPADAQ,0,1
CEDVNGQCQPRGNPCLRLRGACPRGSRCCMPTVAA,0,0
HIVKGLFHAGRMIHGLVNRRRHRHGMEELDLDQRAFEREKA,0,1
IPAAVAGTVLNVVEAGGWVTTIVSILTAVGSGGLSLLAAAGRESI,0,1
TVLQTVVHKVGKTQFGCPAYQGYCDDHCQDIEKKEGFCHGFKCKCGIPMG,0,1
SSVAATCQTPKIACKNGDKNCHQSHGAVSLTMCKLTSGKYPNCRYKE,0,1
VVREQGFSGHVHEQQAGHHHEAGHHEQAGHHEQSGQQVHGQGHGY,0,1
AKEGGKFG,0,0
LFKVFGYT,0,0
LLNTI,0,0
TVKNAAK,0,0
IKGAIH,0,0
FKRIRRAGKR,0,0
SAGCCS,0,0
QRGRFGRF,0,0
PPIVKDTLKKFFKGG,0,0
CSVNWG,0,0
DVIKK,0,0
RWVQRWK,0,0
SMFGAVLGVPA,0,0
KWKSFIK,0,0
EKLFSKIQN,0,0
VQKLKRK,0,0
KGLKF,0,0
RCPKSWKCKA,0,0
PRPLPFP,0,0
GKIAKVA,0,0
AKKCRCKIISG,0,0
LINKTVNKEA,0,0
SFLCL,0,0
FIKKLTSAAKKV,0,0
LFKKILKYLKFLHSA,0,0
KyPLKVKL,0,0
ALFKLASK,0,0
SKVFPAVF,0,0
NALVN,0,0
DIVRGI,0,0
IGKKFKRIVQRIK,0,0
ALKTAGKHVAG,0,0
AKTALLED,0,0
IIGGGAASGGAVY,0,0
VKPKTAKP,0,0
VWRRVVRVV,0,0
HLDDLPGAL,0,0
SDYPK,0,0
GSFFKN,0,0
GLGFVA,0,0
HQDCYEALHKCMA,0,0
VGRVASKVVPSLISM,0,0
PFPEVFGK,0,0
VSSGWKWNYKI,0,0
KSYKCLHKR,0,0
CKIDKSC,0,0
YGNGVHCTKSGCS,0,0
VRGVG,0,0
GKQLEDGRTLSDYN,0,0
PEEEAA,0,0
RRISKDI,0,0
RFHSVGSLIQRL,0,0
KFVGK,0,0
YFPHFDLS,0,0
TIGKLPKWI,0,0
PAVGVVGQASSIM,0,0
CTRGFC,0,0
LFKKI,0,0
HVGKTIHRLV,0,0
IVGMGKQVVCGLSG,0,0
TCCRAVIFRH,0,0
RVAANVLP,0,0
KAAHV,0,0
KVLRHLR,0,0
RRPRP,0,0
KYGKP,0,0
KKKKEVKMERK,0,0
WGAVNYT,0,0
RVSRTGRSRWRD,0,0
CRRRGCASR,0,0
LGALFKVA,0,0
LFRKRIESLLQ,0,0
NNHCKSISC,0,0
AKEAGKTGLEL,0,0
GSSIA,0,0
RLPRPRPRPLPFPR,0,0
IIQKLEDMVGPQ,0,0
NCHQSHG,0,0
KKKKKKKGIGKFLHS,0,0
QFLIKAQT,0,0
PVVIRTVVAGYNL,0,0
RKNNYSGPQFT,0,0
FAGLCF,0,0
GMCCSQFGYCGKG,0,0
KFKLK,0,0
VKGGLKIIGGTA,0,0
PQPRPPHPRL,0,0
LGKVVKGAS,0,0
PRRIYNN,0,0
LKCKITGC,0,0
PLGPAG,0,0
FLDQIIRDFRNFIYQ,0,0
CKEKEHLLSGRCRD,0,0
NRRRHRHGMEELDLD,0,0
IFRHERPE,0,0
KSGSGSKR,0,0
YYGNGVYCTKNKCT,0,0
WASSIGSI,0,0
VGMGKK,0,0
IRKLK,0,0
FYDLDLNVC,0,0
MQPSPQACNSAMKN,0,0
AIAKKKG,0,0
GSQLVYREWVGHSNV,0,0
ALGALFKVASKV,0,0
VPDAIMAG,0,0
PIKHQGLPQEVL,0,0
HFGRCPSHLIKGSCS,0,0
TPKIACKNGD,0,0
LIWKLLSK,0,0
CRSQEYRIGRCPN,0,0
SKVLGVG,0,0
LGLAL,0,0
ILKRILIK,0,0
LKNLGKVGLG,0,0
HDSGYEVHHQKLV,0,0
NLTKGGSKILTTGL,0,0
KVFKLASKV,0,0
GRGKQG,0,0
LFKKILKY,0,0
SLLSTASCKLAKT,0,0
IKIAGKK,0,0
DLSHGSAQVKGH,0,0
KLLPSVFKLFQ,0,0
LSFQEFLEQLRRF,0,0
RFWPLVPVAINT,0,0
LRESNCENVCK,0,0
SGTISPYGLRTCRAT,0,0
TFLHDSFQNVAAVCDLLSIVCKNRRHNCHQSSKPVNMTDCRLTSGKYPQCRYSAAA,0,1
PGLSQARHVNHSATEALRELREGATGQGTNGSQLLRHPGKRAPIIRRIPYYPEVES,0,1
SCLPKEEQIGKCSTRGRKCCR,0,0
GLLLDTVKGAAKNVAGILLNKLKCK,0,0
SCRKIIQKLEDMVGPQPNEDT,0,0
PWKLPATFRPVERPFSKP,0,0
GAVNYTSDCAAECKRRGYKGGHCGSF,0,0
CGESCVWIPCISTVIGCSCS,0,0
FWPVVIRTVVAGYNLYRA,0,0
STTARTARVPCAKKSNIYN,0,0
IGSAFKKAAHVGKHVGKAA,0,0
RCERRHRGDWQGKQRCLMEC,0,0
CNGPWSEKDMHCHNHCKSIKGYKGGYCAK,0,0
CVDTTSDFHTCQDKGGHCVSPKIRCLEEQLGLCPLKRWTCCK,0,1
PFSSVAATCQTPKIACKNGDKNCHQSHGAVSLTMCKLTSGKYPNCRYKEKR,0,1
DCTNDRKNCCPGHECKCY,0,0
RLPGTISREICAKKC,0,0
QKIISTIGKLPK,0,0
QKIKEFFQKLALEIE,0,0
GLVTRRRHGVEELQ,0,0
GFCWYVCVYRNGVRV,0,0
IGTGDGAAQS,0,0
KTYFPHFDLSHGS,0,0
AKKVLTTALKPISS,0,0
NVAVTLLDKL,0,0
GPAKFLHSA,0,0
SLQMGATAIKQVKKL,0,0
QQRQPGSTVHGRLETTH,0,0
VHASLDKF,0,0
ARCRKKRSC,0,0
AAVCGLAGY,0,0
ERVGQHTR,0,0
SGILGAGKKIVCGLSG,0,0
GGYCHGIFKQTCKCYK,0,0
KAKGELPAKG,0,0
TAFWGKVKVDEVGG,0,0
RIRWILRYWRWS,0,0
RRRRRRWWWRRRRR,0,0
LRWWRKWW,0,0
DLLSGTGANHSA,0,0
KHIVCGLTGCA,0,0
NHCKSIKGYKGGYCAK,0,0
NGFDCKSP,0,0
HGHICESFKSFCKDSG,0,0
YLTTGLPALI,0,0
EKCWVNKAENKQAI,0,0
AALRGCWTKSIPPKP,0,0
SGVAGKTAKD,0,0
PIIYCNRRSG,0,0
YRWWRRRW,0,0
